state,medicaid_aba_pathway,medicaid_agency,prior_auth,autism_insurance_mandate,typical_hours,medicaid_rate,waiver_programs,bcba_licensure,sources
Alabama,ABA covered fee-for-service under EPSDT for under-21s with autism dx; Alabama Medicaid Mental Health services area (Provider Billing Manual Ch. 37); no MCOs — ACHN network is primary-care coordination only,Alabama Medicaid Agency; medicaid.alabama.gov; recipient line 1-800-362-1504 (verify),"Rendering/supervising BCBA submits PA with physician EPSDT Referral Form 362, 97151 assessment report with data/graphs, treatment plan and caregiver training plan; every ABA code except 97151 requires PA, approved in 6-month increments","HB284 (2017), eff. 10/1/2017, ages 18 and under; annual caps $40K (0-9)/$30K (10-13)/$20K (14-18), but caps/age limit generally unenforced as MHPAEA violations; applies to large-group (51+ employee) plans",Not published — set case-by-case by medical necessity in 6-month authorization blocks; industry-typical 10-40 hrs/wk (verify),"97153 = $10.00 per 15-min unit ($40.00/hr), official Alabama Medicaid ABA Fee Schedule eff. 2-5-2026","ID Waiver, Living at Home (LAH) Waiver, Community Waiver Program (CWP) — ADMH-operated, require intellectual-disability/ICF level of care; no autism-specific waiver",Yes — 2017 HB284 created licensure and the Alabama Behavior Analyst Licensing Board (2026 SB113 (verify) moved administration under AL Dept of Mental Health; board now advisory),https://medicaid.alabama.gov/content/Gated/7.3G_Fee_Schedules.aspx | https://medicaid.alabama.gov/documents/9.0_Resources/9.4_Forms_Library/9.4.14_PA_Forms/9.4.14_ABA_PA_Tip_Sheet_12-31-19.pdf | https://www.autismlegalresourcecenter.com/resources/autism-healthcare-info/alabama/
Alaska,ABA covered fee-for-service (no MCOs) for under-21s via EPSDT as Medicaid Autism Services under Division of Behavioral Health regs (7 AAC 135; rates at 7 AAC 160.900(d)(73)); Denali KidCare (CHIP) children included,Alaska Department of Health — Division of Health Care Services administers Medicaid/EPSDT; Division of Behavioral Health sets autism-services rates; provider assistance: mpassunit@alaska.gov; health.alaska.gov,"Licensed behavior analyst submits a service authorization to Alaska Medicaid before treatment begins, with autism diagnosis, a 97151 behavioral assessment, and a signed ABA treatment plan whose hours match the request","SB 74 (2012, effective 1/1/2013), AS 21.42.397; requires coverage of ASD diagnosis and treatment incl. ABA for individuals under 21; no annual dollar caps (age limit unenforceable under federal mental health parity)",Not published; hours authorized per individual treatment plan; supervision/group codes 97155+97158 limited to 52 hours per 6 months (verify),"97153 = $22.63 per 15-min unit ($90.52/hr), FY26 Autism Services fee schedule effective 7/1/2025","IDD Waiver and ISW (Individualized Supports Waiver, ~$25,924/yr cost cap FY25), both run by Senior and Disabilities Services; ISW covers autism/IDD at ICF/IID level of care","Yes — HB 361 (2014, effective 9/16/2014), AS 08.15; licensed by Div. of Corporations, Business & Professional Licensing (Alaska Dept. of Commerce)",https://health.alaska.gov/media/v5fhgwcf/fy26-applied-behavior-analysis-fee-schedule-v4.pdf | https://health.alaska.gov/en/division-of-health-care-services/early-periodic-screening-epsdt/ | https://www.commerce.alaska.gov/web/cbpl/professionallicensing/behavioranalysts.aspx
Arizona,"Covered for members under 21 via EPSDT under AHCCCS (Arizona's Medicaid, an 1115-waiver managed-care system; AMPM Policy 320-S); delivered through AHCCCS Complete Care MCO plans, or via DES/DDD health plans for ALTCS members with DD",AHCCCS — Arizona Health Care Cost Containment System; azahcccs.gov; 602-417-4000 (verify); DDD services via DES (des.az.gov/ddd),"Provider submits prior authorization to the member's AHCCCS health plan or DDD with an autism/ASD diagnosis, comprehensive assessment, and a medical-necessity treatment plan from a qualified licensed behavior analyst (plan-specific forms vary)","Steven's Law (HB 2847), enacted 2008 (effective 6/30/2009); caps behavioral therapy at $50,000/yr under age 9 and $25,000/yr ages 9-16; excludes self-funded ERISA and small-group (<50) plans",No fixed cap under Medicaid/EPSDT — medical necessity; reportedly up to ~40 hrs/wk for comprehensive programs (verify),AHCCCS FFS ABA fee schedule eff. 10/1/2025: 97153 $17.91/15-min base ($71.64/hr); $19.96/15-min in-home POS 12 ($79.84/hr); higher credential tiers (HN/HO/HP) up to $23.69-$26.43/unit,"ALTCS (Arizona Long Term Care System) via DES Division of Developmental Disabilities for members with autism/DD meeting institutional level of care; AZ runs Medicaid under a Section 1115 waiver, no separate 1915(c) autism waiver","Yes — licensed behavior analysts under the Arizona Board of Psychologist Examiners; law enacted 2008 (Laws 2008, Ch. 288), licensure effective Jan 1, 2011",https://www.azahcccs.gov/PlansProviders/RatesAndBilling/FFS/ABArates.html | https://psychboard.az.gov/about-board | https://www.autismspeaks.org/arizona-state-regulated-insurance-coverage
Arkansas,"State-plan EPSDT benefit: ABA covered ages 18 mo-21 yr with ASD diagnosis; small legacy Autism Waiver (ages 18 mo-5 yr, max 3 yrs, waitlisted) runs separately; PASSE managed-care enrollees (BH/DD needs) request ABA via their PASSE care coordinator",Arkansas DHS Division of Medical Services (Arkansas Medicaid); humanservices.arkansas.gov; ABA PA reviews by Acentra Health 1-888-660-3831,"ABA provider submits PA to Acentra Health (DHS's QIO review entity) with ASD diagnosis, physician-signed DMS-641 TP treatment prescription and DMS-641 ER evaluation referral, reviewed by BCBA reviewers; PASSE members route via care coordinator","Act 196 of 2011 (Ark. Code 23-99-418), eff. 10/1/2011: ABA by/under a BCBA capped at $50,000/yr for children under 18",Not published; weekly units individualized per treatment prescription and prior authorization (verify),"97153 (EP modifier) = $15.00 per 15-min unit ($60.00/hr), DHS fee schedule run date 1/1/2025","Autism Waiver (early intervention, ages 18 mo-5 yr, 3-yr max, waitlist); Community and Employment Supports (CES) waiver for IDD incl. autism, all ages, long waitlist","Registration, not full licensure: Arkansas Behavior Analyst Registration Act (Act 432 of 2025, Ark. Code 17-97-601), administered by the Arkansas Psychology Board; requires BCBA/BCBA-D",https://humanservices.arkansas.gov/wp-content/uploads/ABATHERAPY-fees.pdf | https://humanservices.arkansas.gov/divisions-shared-services/developmental-disabilities-services/service-for-children-with-dd-id-needs/autism/ | https://ar.acentra.com/applied-behavioral-analysis-aba/
California,"Medi-Cal covers ABA as Behavioral Health Treatment (BHT) under EPSDT for members under 21; delivered via Medi-Cal managed care plans, or for fee-for-service via DDS Regional Centers or (since 7/1/2025) enrolled Medi-Cal QAS providers",California Department of Health Care Services (DHCS); Medi-Cal Member Help Line (800) 541-5555; dhcs.ca.gov,"Physician or psychologist must recommend BHT as medically necessary; the Qualified Autism Service (QAS) Provider submits an individualized behavioral treatment plan to the managed care plan (or Regional Center/DHCS for FFS), re-reviewed every 6 months","SB 946 (2011), effective July 1, 2012; requires state-regulated plans to cover behavioral health treatment for autism/PDD; no age or dollar caps in current law","No state cap — hours set by medical necessity in the treatment plan; provider reports cite ~10-25 hrs/wk focused, 30-40 hrs/wk comprehensive (verify)","97153 = $19.39 per 15-min unit (~$77.56/hr) per DHCS SPA 25-0028 FFS BHT fee schedule eff. 7/1/2025, pending CMS approval (verify)","HCBS-DD Waiver (1915(c), administered by DDS through 21 Regional Centers) and Self-Determination Program waiver; both waive parental income via institutional deeming",No — California does not license behavior analysts (one of few remaining states); BCBA certification is the recognized standard; licensure bills have not passed (verify bill history),https://www.dhcs.ca.gov/services/medi-cal-resources/behavioral-health-treatment/ | https://leginfo.legislature.ca.gov/faces/billNavClient.xhtml?bill_id=201120120SB946 | https://www.dhcs.ca.gov/SPA/Documents/25-0028-Public-Notice-Addendum.pdf
Colorado,EPSDT Pediatric Behavioral Therapies (PBT) benefit under Health First Colorado for members age 20 and under; fee-for-service with PARs reviewed by Acentra (Atrezzo portal); RAEs coordinate care,"Dept. of Health Care Policy & Financing (HCPF), hcpf.colorado.gov","PA required for ALL PBT services: provider assesses child and submits PAR to Acentra with standardized norm-referenced adaptive behavior assessment, referral for services, and plan of care; approvals valid up to 6 months","SB 09-244 enacted 2009 (eff. 7/1/2010); all age and dollar caps removed by SB 15-015, eff. 1/1/2017",No hard cap; individualized via PAR; provider-reported typical authorizations ~10-40 hrs/week (verify),97153 = $17.20/15-min unit ($68.80/hr) per HCPF FY25-26 fee schedule via secondary compilations (verify against HCPF XLSX),"Children's Extensive Support (CES) waiver; Children with Complex Health Needs (CwCHN, formerly CHCBS)",Yes — HB 26-1425 signed June 2026; Colorado Behavior Analyst Licensing Board; individual LBA licensure required by 7/1/2028 (no license previously),https://hcpf.colorado.gov/pediatric-behavioral-therapies-information-providers | https://hcpf.colorado.gov/childrens-extensive-support-waiver-ces | https://www.autismspeaks.org/colorado-state-regulated-insurance-coverage
Connecticut,"EPSDT ASD benefit under HUSKY Health (A/C/D) for under-21, effective 1/1/2015; administered by CT Behavioral Health Partnership with Carelon Behavioral Health as the ASO authorizing ABA","Dept. of Social Services (DSS); Carelon/CTBHP 1-877-552-8247, ctbhp.com",Carelon BH authorizes all ASD/ABA services: provider submits diagnostic evaluation and medical-necessity documentation meeting level-of-care guidelines before treatment,"PA 09-115 enacted 2009 (eff. 1/1/2010), originally under age 15; caps removed via 2014 Insurance Dept. bulletins HC-96/HC-99",Not published; individualized under EPSDT with no benefit caps (verify),97153 last confirmed $11.25/15-min unit (2023); BH rates raised 7/1/2024 (SPA 24-Y) — secondary source lists $14.00/unit ($56/hr) (verify at ctdssmap fee schedule),"DDS Autism Spectrum Services Waiver (autism without ID, ~$50k/yr cap, waitlist); DDS IFS and Comprehensive waivers (ID)","Yes — Public Act 15-5 (2015), licensure effective 1/1/2016; licensed by CT Dept. of Public Health",https://www.ctbhp.com/autism-spectrum-disorder-asd/ | https://portal.ct.gov/DSS/Health-And-Home-Care/Autism-Spectrum-Disorder---ASD/Autism-Spectrum-Disorder---ASD/Become-a-Provider | https://www.ctdssmap.com
Delaware,"EPSDT ABA coverage for under-21 via Diamond State Health Plan managed care (Highmark Health Options, AmeriHealth Caritas DE, Delaware First Health); DHSS Regulation 1170 sets ABA provider standards","DHSS Division of Medicaid & Medical Assistance (DMMA), dhss.delaware.gov/dmma",PA required through the member's MCO: diagnostic evaluation plus BCBA/BCBA-D treatment plan meeting plan medical-necessity policy; some plan-specific rules (e.g. AmeriHealth requires PA after 30 BH units/yr),"SB 22 enacted 2012 (eff. 12/11/2012); under age 21; ABA capped at $36,000/yr, CPI-adjusted annually; no visit limits",Not published (verify),~$15.68/15-min unit (~$62.72/hr) per secondary compilation only; official DMAP fee schedule not publicly posted — not published (verify),"DDDS Lifespan Waiver (autism, IDD, Prader-Willi; replaced separate child/adult waivers)",No state behavior analyst license; BCBA/BCBA-D certification is the recognized standard under DHSS Reg 1170 and insurance law,https://dhss.delaware.gov/dmma/ | https://law.justia.com/codes/delaware/title-18/chapter-33/subchapter-i/section-3366/ | https://www.autismspeaks.org/delaware-state-regulated-insurance-coverage
District of Columbia,"ABA covered under EPSDT via State Plan Amendment 23-0009 (approved 8/25/2023, effective 10/1/2023); access runs largely through Medicaid managed-care plans - AmeriHealth Caritas DC, MedStar Family Choice, CareFirst CHPDC, and HSCSN for children with special needs",DC Department of Health Care Finance (DHCF); dhcf.dc.gov,"MCOs require prior authorization with a comprehensive diagnostic evaluation, documentation of medical necessity, and a treatment plan from the supervising BCBA; fee-for-service PA goes to DHCF's CPAPS division (719A form with prescribing provider's clinical notes)","Habilitative services mandate (D.C. Law 16-198, 2006) requires fully-insured plans to cover ABA/OT/PT/speech for autism; 2013-2014 amendments explicitly named ABA in the habilitative-services definition; no arbitrary session or dollar caps when medically necessary",Not published; individualized by treatment plan (verify),97153: $27.50/15 min (= $110.00/hr) per third-party transcription - DHCF publishes rates only via its provider-portal query (verify),"DDS-administered HCBS waivers: IDD Waiver and Individual and Family Support (IFS) Waiver (adults 18+, IFS capped $75,000/yr; DDS waiver unit 202-730-1556); HSCSN plan for children on SSI",Yes - law enacted 2024; DC Board of Psychology,https://dhcf.dc.gov/page/dhcf-medicaid-updates2023; https://dds.dc.gov/ifs-waiver; https://www.autismspeaks.org/district-columbia-state-regulated-insurance-coverage
Florida,Behavior Analysis (BA) services under EPSDT for under-21; PA via Acentra (formerly eQHealth) QIO for fee-for-service; carved into Statewide Medicaid Managed Care (SMMC) plans Feb 2025; age 21+ get BA via APD iBudget waiver,Agency for Health Care Administration (AHCA); Medicaid helpline 1-877-254-1055,All BA services require PA: provider submits comprehensive diagnostic evaluation and behavior analysis treatment plan per Coverage Policy sec. 9 to the recipient's SMMC plan (or Acentra for non-enrolled FFS recipients),"Steven A. Geller Autism Coverage Act (SB 2654) enacted 2008 (eff. 4/1/2009); $36,000/yr and $200,000 lifetime caps; limited to eligible children (under 18 or in high school, diagnosed at 8 or younger (verify))",No fixed weekly cap in policy; individualized by PA (verify),"97153 = $12.26/15-min unit ($49.04/hr), AHCA Behavior Analysis Fee Schedule eff. 1/1/2025 (unchanged into 2026)",APD iBudget Waiver (DD home & community-based services),No state behavior analyst license; practice via BACB cert + FL certification under s.393.17 or ch. 490/491 licensees; licensure bills pending (verify),https://ahca.myflorida.com/content/download/26138/file/2025%20Behavior%20Analysis%20Fee%20Schedule.pdf | https://b.ahca.myflorida.com/medicaid/Policy_and_Quality/Policy/behavioral_health_coverage/bhfu/BA_Services.shtml | https://www.autismspeaks.org/florida-state-regulated-insurance-coverage
Georgia,Adaptive Behavior Services (ABS) under EPSDT since 1/1/2018 for under-21 with documented DSM-5 ASD diagnosis; delivered FFS via DCH/GAMMIS and through the four Georgia Families CMOs which authorize and reimburse in-network,"Dept. of Community Health (DCH), medicaid.georgia.gov; GAMMIS portal mmis.georgia.gov",PA required before services: ASD diagnosis from licensed physician/psychologist plus provider-submitted treatment plan approved by DCH or the member's CMO,"Ava's Law (HB 429) enacted 2015 covering under age 6; SB 118 (2018) expanded to age 20 and younger; permitted $35,000/yr ABA benefit cap",Not published (verify),"97153 by RBT: $15.58/unit in-clinic, $18.69/unit in-home ($62.32-$74.76/hr); BCBA-rendered $30.91-$37.78/unit (GA fee schedule via CSG South comparison; verify on GAMMIS)",Katie Beckett (TEFRA) deeming pathway; NOW (New Options Waiver); COMP (Comprehensive Supports Waiver) — both waitlisted,Yes — HB 412 (2022) created behavior analyst licensure and the Georgia Behavior Analyst Licensing Board (verify exact board name),https://medicaid.georgia.gov/programs/all-programs/autism-spectrum-disorder | https://csgsouth.org/wp-content/uploads/HSPS-Converted-IR__Comparison-of-Medicaid-Reimbursement-for-ABA-Individual-Services.pdf | https://medicaid.georgia.gov/programs/all-programs/tefrakatie-beckett
Hawaii,"EPSDT under Med-QUEST (QUEST Integration); ABA covered as Intensive Behavioral Therapy for under-21 with ASD per memo QI-2431/FFS 24-13; delivered via QUEST Integration MCOs (AlohaCare, HMSA, Kaiser, Ohana, UnitedHealthcare)",DHS Med-QUEST Division; medquest.hawaii.gov; customer service 1-800-316-8005 (verify),No PA for screening or diagnostic eval; provider submits ABA assessment + behavior analyst treatment plan to member's QUEST health plan for authorization; each plan has its own process (QI-2431),"Luke's Law (SB 791) 2015, eff. 1/1/2016; under age 14, ABA capped $25,000/yr — caps not enforced due to federal MHPAEA parity","Not state-published; plan-authorized per medical necessity, commonly 10-40 hrs/wk (verify)","97153 = $17.66/15-min unit ($70.64/hr), all practitioner levels, eff. 1/1/2025 after 41.3% increase (verify against current Med-QUEST fee schedule)",Medicaid 1915(c) I/DD Waiver (DOH Developmental Disabilities Division),"Yes — Act 199 (2015), HRS ch. 465D; DCCA Professional & Vocational Licensing Division, Behavior Analyst Program; requires active BCBA/BCBA-D",https://medquest.hawaii.gov/content/medquest/en/plans-providers/fee-for-service/fee-schedules.html | https://cca.hawaii.gov/pvl/programs/behavior/ | https://www.autismspeaks.org/hawaii-state-regulated-insurance-coverage
Idaho,"EPSDT for under-21; historically 'Behavior Modification and Consultation' via Magellan; moved late 2025 into state-run Children's Habilitation Intervention Services (CHIS) as 'Behavioral Intervention', billed with H-codes (H0004 replaced 97153 12/1/2025)","Idaho Dept. of Health and Welfare, Division of Medicaid; healthandwelfare.idaho.gov; claims via Gainwell Technologies, PA via Telligen",PA required before services start; physician diagnosis/prescription plus treatment plan submitted by provider; PA reviewed by Telligen under CHIS (formerly Magellan),"No statute; Idaho DOI Bulletin 18-02 (2018) requires ABA coverage in plans effective after 12/31/2018 — 47th state, no explicit age/dollar caps","Not state-published; authorized per medical necessity, commonly 10-40 hrs/wk (verify)",97153 retired 12/1/2025; CHIS analog H0004 HA (technician 1:1) $13.54/15-min unit ($54.16/hr) (verify against DHW fee schedule),"Children's DD Waiver, Adult DD Waiver, and Katie Beckett/TEFRA program (autism qualifying condition)",No — Idaho does not license behavior analysts; BACB certification is the operative credential (Medicaid standards cite BACB),https://healthandwelfare.idaho.gov/providers/home-and-community-based-services-children-developmental-disabilities/childrens | https://healthandwelfare.idaho.gov/services-programs/medicaid-health/about-katie-beckett-program | https://www.bacb.com/u-s-licensure-of-behavior-analysts/
Illinois,"EPSDT 'Adaptive Behavior Support (ABS)' benefit for ages 0-20 with ASD, added eff. early 2021; covered in both FFS and HealthChoice Illinois managed care; providers enroll via IMPACT",Illinois Dept. of Healthcare and Family Services (HFS); hfs.illinois.gov; PA submissions to HFS.ABA@Illinois.gov,Provider submits HFS ABA PA form with physician order/referral (valid 1 yr) + comprehensive diagnostic eval by physician/clinical psychologist; all BAI services and BATP beyond 6 hrs/180 days require PA,"Public Act 95-1005 (2008), eff. 12/12/2008; under age 21, $36,000/yr max (indexed), no visit limits; caps unenforceable under MHPAEA","Not state-published; per medical necessity in BCBA treatment plan, commonly 10-40 hrs/wk (verify)","97153 = $13.00/15-min unit ($52.00/hr), unchanged since Jan 2022","DDD 1915(c) waivers via PUNS list: Children's Support Waiver (3-21), Children's Residential Waiver, Adult DD Waiver",Yes — Behavior Analyst Licensing Act (2022); IDFPR Behavior Analyst Licensing and Disciplinary Board; LBA/LABA licensing began 1/15/2025,https://hfs.illinois.gov/medicalproviders/notices/notice.prn210119a.html | https://idfpr.illinois.gov/profs/behavior-analysts.html | https://www.autismspeaks.org/illinois-state-regulated-insurance-coverage
Indiana,IHCP (FSSA) ABA benefit; from 4/1/2026 covered ONLY via EPSDT (under 21; over-21 coverage ends 10/1/2026) per bulletin BT202627 after 2025 reform process; PA via FSSA/MCEs,Indiana FSSA Office of Medicaid Policy & Planning / IHCP; in.gov/medicaid; provider line 1-800-457-4584,"Provider submits PA with diagnostic eval + BCBA treatment plan; 2025-26 reforms added UA modifier for comprehensive ABA, weekly caps by ASD level, 4,000-hr lifetime cap, peer review beyond 2 yrs, 6-month new-provider enrollment freeze",2001 HEA 1122 (IC 27-8-14.2) — first state autism mandate; group plans; no age or dollar caps,Capped 30/32/38 hrs/wk for ASD Levels 1/2/3 (eff. 4/1/2026); 15 hrs/wk still allowed after lifetime cap if medically necessary,"97153 = $16.04/15-min unit ($64.16/hr) eff. 4/1/2026 (down from $17.06; phasing to $15.39 in 2027), all modifier levels","BDDS waivers: Family Supports Waiver (~$17,300/yr cap) and Community Integration & Habilitation (CIH) Waiver; both at capacity with waitlists as of 2026","Yes — P.L.212-2021 (2021), IC 25-8.5; Indiana Behavior Analyst Licensing Board/Committee under Professional Licensing Agency; applications opened May 2025",https://www.in.gov/medicaid/providers/files/bulletins/BT202542.pdf | https://www.in.gov/pla/professions/behavior-analyst/ | https://www.in.gov/medicaid/members/home-and-community-based-services/family-supports-waiver/
Iowa,"EPSDT benefit for under-21 with ASD; delivered through Iowa Health Link managed care (Iowa Total Care, Molina, Wellpoint) or FFS; separate state-funded Autism Support Program for kids under 14 without Medicaid/private ABA funding","Iowa HHS, Iowa Medicaid; hhs.iowa.gov/medicaid; member services 1-800-338-8366",PA required; ABA provider submits treatment plan with measurable goals and progress data to the member's MCO (or Iowa Medicaid FFS) for authorization,"HF 215 (2017), eff. 1/1/2018; under age 19; ABA caps $36k/yr (0-6), $25k (7-13), $12.5k (14-18) — caps unenforceable under MHPAEA","Not state-published; authorized per medical necessity, commonly 10-40 hrs/wk (verify)",97153 = $27.23/15-min unit ($108.92/hr) with HO/HP (BCBA/doctoral) vs $16.34/unit ($65.36/hr) with HN (BCaBA/RBT) (verify against Iowa HHS fee schedule),"No autism-specific waiver: Intellectual Disability Waiver, Children's Mental Health Waiver, Health & Disability Waiver (being redesigned into age-based HOME waivers incl. a Children & Youth Waiver adding autism)",Yes — 2018 Acts ch. 1106 (Iowa Code 154D.2A); Board of Behavioral Health Professionals (DIAL); BCBA certification required,https://hhs.iowa.gov/medicaid/provider-services/covered-services-rates-and-payments/fee-schedules | https://dial.iowa.gov/licenses/medical/mental-health/mental-behavioral-health | https://www.autismspeaks.org/iowa-state-regulated-insurance-coverage
Kansas,"ABA covered under KanCare (Medicaid state plan/EPSDT, effective Jan 2017) as autism specialized services (Intensive Individual Supports); delivered via KanCare MCOs Sunflower, UnitedHealthcare Community Plan, Healthy Blue","Kansas Dept. of Health & Environment (KDHE) Div. of Health Care Finance, with KDADS for HCBS; kancare.ks.gov / KMAP portal","All ABA requires prior auth through the member's KanCare MCO: physician prescription, autism diagnosis, and BCBA-supervised treatment plan; Medical Necessity Form for Autism Waiver/dual authorizations","2014 (HB 2744, signed 4/16/2014): ABA for children under 12; caps of 1,300 hrs/yr for 4 yrs from diagnosis then 520 hrs/yr; also created ABA licensure act (federal parity may limit cap enforcement)",Initial soft limit 25 hrs/week technician-delivered (IIS); more hours authorized on showing of medical necessity,97153 = $16.35/15-min unit eff 7/1/2024 (~$65.40/hr) per KMAP fee schedule (secondary source; verify on KMAP portal),"Kansas HCBS Autism Waiver (ages 0-5; parent support/respite, does not fund ABA itself); I/DD Waiver; SED Waiver","Yes — Licensed Behavior Analyst under Kansas Behavioral Sciences Regulatory Board; licensure act in HB 2744 (2014), licensing began July 1, 2016",https://www.kslegislature.gov/li_2014/b2013_14/measures/documents/summary_hb_2744_2014.pdf | https://portal.kmap-state-ks.us/PublicPage/ProviderPricing/FeeSchedules | https://www.sunflowerhealthplan.com/newsroom/kmap-19029.html
Kentucky,"ABA covered under EPSDT via Medicaid behavioral health benefit; billed by Licensed Behavior Analysts (provider type 63/639); delivered through Medicaid MCOs (Aetna Better Health, Humana, Passport/Molina, WellCare, Anthem, UnitedHealthcare)","Kentucky Cabinet for Health and Family Services, Dept. for Medicaid Services (DMS); chfs.ky.gov/agencies/dms, member services 1-800-635-2570",DMS has waived prior authorization for behavioral health outpatient services incl. ABA (per Dec 2024 notice); claims still require documented ASD diagnosis and LBA licensure; MCO policies vary (verify per MCO),"2010 (HB 159, eff. 1/1/2011): originally ages 1-21 with annual dollar caps; HB 218 (2018) removed all age and dollar caps",No published state hour cap; hours per medical necessity (verify),"97153 = $12.18/15-min unit ($48.72/hr) RBT-delivered, 2026 BH fee schedule; 8% increase from prior $11.25",Michelle P. Waiver and Supports for Community Living (SCL) Waiver (behavior support services for I/DD; not ABA-specific),Yes — Kentucky Applied Behavior Analysis Licensing Board; licensure enacted 2010 (HB 159),https://www.chfs.ky.gov/agencies/dms/DMSFeeRateSchedules/2026%20Behavioral%20Health%20Fee%20Schedule.pdf | https://www.chfs.ky.gov/agencies/dms/provider/Pages/lba.aspx | https://www.autismspeaks.org/kentucky-state-regulated-insurance-coverage
Louisiana,"ABA covered for under-21 Medicaid beneficiaries (EPSDT) through Healthy Louisiana managed care plans (Aetna, AmeriHealth Caritas, Healthy Blue, Humana Healthy Horizons, Louisiana Healthcare Connections)","Louisiana Department of Health (LDH), Bureau of Health Services Financing; ldh.la.gov/medicaid, Medicaid hotline 1-888-342-6207","All ABA requires MCO prior auth in two steps: first for functional assessment/behavior treatment plan, then for therapy services; requires ASD diagnosis, comprehensive diagnostic evaluation, and QHCP prescription; auths max 180 days","2008 (Act 648, eff. 1/1/2009): under 21, $36,000/yr cap; Act 208 (2012) removed lifetime caps; federal parity renders dollar/age/hour caps unenforceable","No fixed weekly cap published; hours per authorized treatment plan, reauthorized every 180 days (verify)","97153 = $12.50/15-min unit ($50.00/hr), technician-delivered, per LDH ABA fee schedule eff 7/1/2022 (still current)","OCDD waivers: New Opportunities Waiver (NOW), Children's Choice Waiver, Supports Waiver, Residential Options Waiver (not ABA-specific)",Yes — Louisiana Behavior Analyst Board; licensure enacted 2013 (Act 351 / SB 134),https://www.lamedicaid.com/provweb1/fee_schedules/ABA_FS_Current.pdf | https://ldh.la.gov/assets/medicaid/ABA/ABA-Fact-Sheet.pdf | https://www.lamedicaid.com/provweb1/providermanuals/manuals/aba/aba.pdf
Maine,"ABA delivered mainly under MaineCare Benefits Manual Section 28 (Rehabilitative & Community Support Services for Children with Cognitive Impairments and Functional Limitations), incl. BCBA-supervised Specialized Services; Section 65 BH services restructured Jan 2026","Maine DHHS, Office of MaineCare Services; maine.gov/dhhs/oms, member services 1-800-977-6740 (verify phone)",Services require eligibility determination and individualized treatment plan under Section 28; BCBA supervision built into Specialized Services rate; PA/utilization review through MaineCare's ASO (Kepro/Acentra) (verify),"2010 (LD 1198, eff. 1/12/2011): originally age 10 and under with $36,000/yr cap; LD 2768 (2014) extended to under 21; federal parity renders caps unenforceable",Individualized per treatment plan; MaineCare reimburses up to 120 hrs/yr of BCBA behavioral consultation (verify weekly direct-service hours),not published under 97153 — Section 28 bills HCPCS (e.g. H2021 per 15 min); 2023 rate reform raised Section 28 rates ~72% median (verify current rate sheet),Section 21 (Comprehensive) and Section 29 (Supports) HCBS waivers for ID/ASD (mostly adults); Katie Beckett/TEFRA option for children's MaineCare eligibility,No state licensure for behavior analysts (one of ~10 states without); BACB certification (BCBA) is the de facto requirement for reimbursement,https://www.maine.gov/dhhs/oms/providers/provider-bulletins/board-certified-behavior-analyst-bcba-and-telehealth-guidance-section-28-providers-2024-12 | https://www.maine.gov/sos/rulemaking/agency-rules/mainecare-benefits-manual | https://www.autismspeaks.org/maine-state-regulated-insurance-coverage
Maryland,"Maryland Medicaid ABA benefit (added 2017 under EPSDT) for members under 21 with ASD; fee-for-service benefit administered statewide through the Behavioral Health ASO Carelon Behavioral Health (replaced Optum 1/1/2025), regardless of MCO","Maryland Department of Health, Medicaid (MMCP) EPSDT ABA program; health.maryland.gov/mmcp/epsdt/ABA, mdh.aba@maryland.gov; Carelon 1-800-888-1965","All ABA services require prior authorization from Carelon (BHASO): comprehensive diagnostic evaluation by a qualified provider prescribing ABA, BCBA assessment and treatment plan; authorizations valid max 180 days","Habilitative-services mandate (Ins. §15-835; original mandate 2000 (verify), first-in-nation habilitative benefit); March 2014 regulation explicitly required ABA for children with ASD under 19 in state-regulated plans",No fixed cap; weekly hours per comprehensive diagnostic evaluation and medical necessity (verify),97153 = $19.17/15-min unit RBT-delivered ($76.68/hr); $20.91 BCaBA; $24.41 BCBA/BCBA-D — official ABA fee schedule eff 7/1/2024,"Maryland Autism Waiver (MDH + MSDE-administered; registry 866-417-3480; respite, family training, env. mods — supplemental to, not required for, Medicaid ABA; long waitlist)","Yes — licensed behavior analysts under the Maryland Board of Professional Counselors and Therapists; law passed 2014, licensure required as of Jan 2015",https://health.maryland.gov/mmcp/epsdt/ABA/pages/home.aspx | https://mdbh.optum.com/content/dam/ops-maryland/documents/provider/information/pbhs/fee-schedules-eff--7-1-24/ABA-Fee-Schedule-Eff-7.1.2024.pdf | https://marylandpublicschools.org/programs/pages/special-education/autismfactsheet.aspx
Massachusetts,MassHealth ABA Benefit under EPSDT for members under 21 (Standard/CommonHealth; under 19 for Family Assistance); FFS or via MassHealth plans/ACOs; MBHP administers behavioral health for the PCC plan,MassHealth (Executive Office of Health and Human Services); mass.gov/masshealth; 800-841-2900,"PA required: provider submits an autism diagnostic evaluation plus a BCBA-developed treatment plan (assessment results, goals, requested hours) to MassHealth/MBHP or the member's plan","ARICA, enacted 2010 (effective Jan 1, 2011): state-regulated plans must cover medically necessary ASD treatment incl. ABA with no age, dollar, or visit caps; self-funded ERISA plans exempt","No state-published standard; providers report ~10-25 hrs/wk focused and 26-40 hrs/wk comprehensive, set by BCBA plan and medical necessity (verify)","97153 = $16.37/15-min unit (~$65.48/hr) under 101 CMR 358.00, eff. Oct 2024 (verify against current 358.00 schedule)",DDS Children's Autism Waiver Program (birth through age 9); DDS Adult Autism Waiver,"Yes — Licensed Applied Behavior Analyst (LABA); law enacted 2013 (M.G.L. c.112 §§163-172), licensing effective 2015; Board of Registration of Allied Mental Health and Human Services Professions",https://www.mass.gov/regulations/101-CMR-35800-rates-for-applied-behavior-analysis | https://www.mass.gov/dds-childrens-autism-waiver-service-program-overview | https://www.mass.gov/orgs/board-of-registration-of-allied-mental-health-and-human-services-professions
Michigan,"Michigan Medicaid Autism Benefit — Behavioral Health Treatment (ABA) under EPSDT for under-21 with ASD, delivered through regional PIHPs and county CMHSPs (families enter via their local CMHSP)","Michigan Dept of Health and Human Services (MDHHS), Behavioral Health and Developmental Disabilities Admin; michigan.gov/autism; Beneficiary Help Line 800-642-3195 (verify)",CMHSP arranges a comprehensive diagnostic evaluation (ADOS-2 plus clinical interview) by a qualified licensed practitioner; the CMHSP/PIHP then authorizes ABA hours under an individual plan of service/behavioral plan of care,"2012 PA 99/100 (eff. 10/15/2012), coverage through age 18; statutory annual caps ($50K/$40K/$30K by age) removed for fully insured plans by DIFS in 2014 under ACA/parity rules","~5-25 hrs/wk by medical necessity: focused ~5-15 hrs/wk, comprehensive ~16-25 hrs/wk (CMHSP/MDHHS best-practice guidance)","97153 = $16.50/15-min unit ($66.00/hr), state-directed minimum for PIHPs eff. Nov 1, 2024 (MDHHS L-25-78; CMS SPA MI-24-0022); older FFS screens ~$13.50/unit","Children's Waiver Program (CWP, ages 0-17); Habilitation Supports Waiver (HSW); Waiver for Children with Serious Emotional Disturbance (SEDW) — all accessed via the local CMHSP","Yes — 2016 PA 403; Michigan Board of Behavior Analysts under LARA; licensure mandatory to practice since Jan 7, 2020",https://www.michigan.gov/autism/insurance | https://www.michigan.gov/mdhhs/-/media/Project/Websites/mdhhs/Assistance-Programs/Medicaid-BPHASA/2025-L-Letters/Numbered-Letter-L-25-78-DCW.pdf | https://www.michigan.gov/lara/bureau-list/bpl/health/hp-lic-health-prof/behavior-analyst
Minnesota,"EIDBI (Early Intensive Developmental and Behavioral Intervention) benefit under Medical Assistance (Minn. Stat. 256B.0949) for under-21 with ASD or related conditions; ABA is one of several approved modalities (also ESDM, DIR/Floortime, PLAY Project)","Minnesota Dept of Human Services (DHS), Minnesota Health Care Programs (MHCP); mn.gov/dhs EIDBI page; 651-431-2700 / 800-366-5411",CMDE (Comprehensive Multi-Disciplinary Evaluation) establishes medical necessity; provider submits the Individual Treatment Plan (DHS-7109) plus CMDE for authorization to the DHS medical review agent (FFS) or the member's managed-care plan,"2013 law (Minn. Stat. 62A.3094): state-regulated large-group plans (50+ employees) must cover autism treatment incl. ABA/EIBI for children under 18, no dollar caps; self-insured plans exempt","Individualized by ITP; intensive EIDBI commonly 20-40 hrs/wk, max 40 hrs/wk for young children, ~10 hrs/wk minimum to count as intensive (verify)","EIDBI individual intervention billed as 97153 (UB modifier) = $20.17/15-min unit (~$80.68/hr), MHCP fee schedule eff. 1/1/2024 at 100% for Level I providers (Level II 80%, Level III 50%) (verify current-year)",DD Waiver; CADI Waiver; also BI and CAC waivers and MA-TEFRA (Katie Beckett) for children — apply via county/tribal agency,"Yes — Licensed Behavior Analyst effective Jan 1, 2025 (Minn. Stat. 148.9981-148.9995), Minnesota Board of Psychology; before 2025 no state license (EIDBI used QSP provider qualifications)",https://mn.gov/dhs/partners-and-providers/news-initiatives-reports-workgroups/long-term-services-and-supports/eidbi/eidbi.jsp | https://www.revisor.mn.gov/statutes/cite/62A.3094 | https://mn.gov/boards/psychology/applicants/apply-lba/
Mississippi,"EPSDT benefit for under-21 (Miss. Admin. Code Title 23, Part 223, Rule 6.3; ASD services added via SPA 16-0020); most children served through MississippiCAN CCOs — Magnolia Health, Molina Healthcare, TrueCare (TrueCare replaced UnitedHealthcare 7/1/2025)","Mississippi Division of Medicaid (DOM), Office of the Governor; medicaid.ms.gov; 800-421-2408; MESA portal","Requires an autism diagnosis by a physician or licensed psychologist plus prior authorization of a treatment plan developed/supervised by a MS-licensed behavior analyst (LBA/BCBA), submitted by the provider to the CCO or DOM's UM/QIO (vendor name verify)","HB 885 (2015, eff. July 15, 2015; Miss. Code §83-9-26): ABA capped at 25 hrs/wk, not required beyond age 8, no dollar cap; some insurers voluntarily removed age caps; Medicaid EPSDT (to 21) NOT subject to these caps",No Medicaid-published range — hours set per authorized EPSDT treatment plan (verify); commercial mandate benchmark is up to 25 hrs/wk,"97153 = $15.08/15-min unit ($60.32/hr), DOM ASD fee schedule, rate eff. 12/1/2025 (PA required); 97151 $34.18, 97155/97156 $24.35 per unit","ID/DD Waiver (1915(c), MS Dept of Mental Health Bureau of IDD; multi-year waitlist); 1915(i) IDD Community Support Program","Yes — 2015 (enacted with HB 885, eff. July 1, 2015); Mississippi Autism Board licenses Behavior Analysts (master's + active BCBA required) and Assistant Behavior Analysts",https://medicaid.ms.gov/providers/fee-schedules-and-rates/ | https://www.mid.ms.gov/mississippi-insurance-department/healthcare/autism/ | https://www.msautismboard.ms.gov/
Missouri,"MO HealthNet state-plan ABA for under-21 (EPSDT/Healthy Children and Youth) with ASD diagnosis per 13 CSR 70-98.030; FFS or via managed care — Home State Health, Healthy Blue, UnitedHealthcare, plus Show Me Healthy Kids","MO HealthNet Division, Missouri Dept of Social Services; mydss.mo.gov/mhd; Participant Services 800-392-2161 (verify phone)",Provider submits precertification (form 2575-045) to MHD with a physician/psychologist ASD diagnosis plus the licensed behavior analyst's assessment and treatment plan; each precert covers up to 180 days; managed-care members use their plan's PA process,"HB 1311 (2010, eff. Jan 1, 2011): state-regulated plans cover ASD treatment incl. ABA to age 18; $40,000/yr ABA cap is inflation-adjusted annually ($57,311 for 2025)","Not published — regs require individualized hours based on age, school attendance, daily activities; ~10-25 hrs/wk focused / 26-40 comprehensive per national practice guidelines (verify)",97153 eff. 7/1/2024 (tiered): $20.13/15-min unit ($80.52/hr) LBA/LaBA-supervised tier (HO/HN); $16.37/unit ($65.48/hr) RBT-delivered (HM) — MHD Bulletin Vol. 47 No. 09,"DMH Division of DD waivers: Comprehensive Waiver; Community Support Waiver; MO Children with DD Waiver (MOCDD, Sarah Jian Lopez Waiver); Partnership for Hope","Yes — 2010 (HB 1311; RSMo 337.300-337.345); Behavior Analyst Advisory Board under the State Committee of Psychologists, Division of Professional Registration",https://dss.mo.gov/mhd/behavioral-health-services | https://dss.mo.gov/sites/mydss/files/media/pdf/2024/08/ABA-Rate-Increase-Bulletin-FY25-4709.pdf | https://insurance.mo.gov/autism-and-related-insurance-resources/autism-report-aba-limits
Montana,Covered as a state-plan/EPSDT benefit for members age 20 and under with ASD (SED to 17); fee-for-service through Montana Healthcare Programs — no MCOs; governed by the Montana Medicaid Applied Behavior Analysis Services Manual,Montana DPHHS — Behavioral Health and Developmental Disabilities Division; Montana Healthcare Programs provider portal (medicaidprovider.mt.gov),"The directing BCBA submits prior authorization: an Intent to Initiate Treatment form plus a physician/licensed mental health professional prescription, diagnostic evaluation, behavior identification assessment, and a treatment plan with quantifiable goals; re-auth via Additional Units of Service Request after the initial 180 days","Enacted 2009 (SB 234, eff. 1/1/2010); covers ages 18 and under; statutory caps of $50,000/yr through age 8 and $20,000/yr ages 9-18 remain in MCA 33-22-515 but are generally unenforceable under federal parity (MHPAEA)","Initial authorization = 1,260 15-min units per 180 days (~315 hrs, ~12 hrs/wk average); more via re-authorization (verify)","97153 = $11.36/15 min (~$45.44/hr), ABA fee schedule eff. 7/1/2025",0208 Comprehensive DD Waiver (Developmental Disabilities Program); Big Sky Waiver; former Children's Autism Waiver ended — ABA moved to the state-plan benefit (verify end year),Yes — licensed since 2017 (SB 193) under the Montana Board of Psychologists,https://medicaidprovider.mt.gov/manuals/appliedbehavioranalysisservicesmanual; https://medicaidprovider.mt.gov/docs/feeschedules/2025/FinalABAFeeScheduleEffJuly2025.pdf; https://archive.legmt.gov/bills/mca/title_0330/chapter_0220/part_0050/section_0150/0330-0220-0050-0150.html
Nebraska,"Covered under EPSDT for children under 21 with ASD, delivered through the Heritage Health managed-care program — MCOs Nebraska Total Care, UnitedHealthcare Community Plan of Nebraska, and Molina Healthcare of Nebraska administer the benefit (final ABA service definitions eff. 2/7/2025)",Nebraska DHHS — Division of Medicaid and Long-Term Care (Heritage Health program; dhhs.ne.gov),"Provider/BCBA obtains prior authorization from the member's Heritage Health MCO; requires an ASD diagnosis from a qualified provider, comprehensive diagnostic evaluation, and a BCBA-developed treatment plan (verify per-MCO forms)","Enacted 2014 (LB 254, eff. 1/1/2015); covers individuals under 21; caps ABA at 25 hrs/wk (no dollar cap) — hour/age limits generally unenforceable under federal parity (MHPAEA)",Up to 25 hrs/wk cited in the commercial mandate; Medicaid hours set by MCO medical-necessity review (verify),97153 = $18.70/15 min (~$74.80/hr) eff. 8/1/2025 (a ~48% cut from $36.11/unit per DHHS Health Plan Advisory 25-08),"Comprehensive Developmental Disabilities Waiver; Family Support Waiver (children, ~$10,000/yr budget); DD Adult Day Waiver",Yes — Behavior Analyst Practice Act enacted 2023 (LB 227); licensure through Nebraska DHHS Division of Public Health (licenses issued from Sept 2024),https://dhhs.ne.gov/Guidance%20Docs/Health%20Plan%20Advisory%2025-08%20-%20Applied%20Behavior%20Analysis%20Rates.pdf; https://nebraskalegislature.gov/FloorDocs/108/PDF/Slip/LB227.pdf; https://dhhs.ne.gov/licensure/Pages/Behavior-Analyst.aspx
Nevada,"Covered since 1/1/2016 under EPSDT for members under 21 with ASD (Medicaid Services Manual Ch. 3700; provider type 85), with coverage extended to adults in recent MSM updates (verify); available fee-for-service and through MCOs (Health Plan of Nevada, Anthem/Community Care, SilverSummit, Molina) in mandatory managed-care counties",Nevada DHHS — Division of Health Care Financing and Policy (DHCFP); Nevada Medicaid portal medicaid.nv.gov / nevadamedicaid.nv.gov,"Prior authorization required before treatment: qualifying standardized diagnostic evaluation for ASD, functional assessment, and a treatment plan developed and overseen by a licensed psychologist or licensed behavior analyst (BCBA), submitted through Nevada Medicaid/the MCO","Enacted 2009 (AB 162, eff. 1/1/2011); covers under 18 (to 22 if enrolled in high school); statutory $36,000/yr ABA cap — dollar/age caps generally unenforceable under federal parity (MHPAEA)",not published (verify),"97153 = $13.01/15 min (~$52/hr) RBT-delivered (UD modifier, eff. 1/1/2022); $30.10/15 min (~$120.40/hr) at licensed-analyst specialty level (eff. 3/10/2025) — official PT-85 fee schedule (data as of 07/2026)",HCBS Waiver for Persons with Intellectual and Developmental Disabilities (ADSD); Katie Beckett Eligibility Option (TEFRA),"Yes — behavior analysts regulated since 2009 (AB 162, under Board of Psychological Examiners); independent Nevada Applied Behavior Analysis Board (NRS 641D) since 10/1/2021",https://www.nevadamedicaid.nv.gov/siteassets/content/resources/adminsupport/manuals/msm/c3700/MSM_3700_24_04_01.pdf; https://www.nevadamedicaid.nv.gov/resources/rates/fee-schedules/; https://www.nvababoard.org/about-the-board/
New Hampshire,"Covered for members under 21 as medically necessary under EPSDT (unbundled ABA codes since 5/1/2019); delivered through Medicaid Care Management MCOs — AmeriHealth Caritas NH, NH Healthy Families, and WellSense Health Plan",NH DHHS — Division of Medicaid Services (NH MMIS portal nhmmis.nh.gov; Provider Relations (866) 291-1674),"All ABA treatment requires service authorization from the member's MCO (InterQual criteria adopted 2026): ASD diagnostic evaluation plus a treatment plan covering direct treatment, supervision, and parent training components (verify per-MCO documentation)","Enacted 2010 (HB 569, ""Connor's Law,"" eff. 1/1/2011); covers ages 0-21; caps of $36,000/yr through age 12 and $27,000/yr ages 13-21 — dollar/age caps generally unenforceable under federal parity (MHPAEA)",not published (verify),97153 = $15.00/15 min at 2019 unbundling; ~$17.79/15 min (~$71/hr) per 2026 rate trackers — not published in an easily accessible schedule (verify via NH MMIS),In Home Supports Waiver for Children with Developmental Disabilities (ages 0-21); Developmental Disabilities Waiver; Home Care for Children with Severe Disabilities (Katie Beckett-type),No state licensure law — practice under national BACB certification (per BACB U.S. licensure list),https://www.dhhs.nh.gov/programs-services/disability-care/developmental-services/home-and-community-based-services-waivers; https://nhmmis.nh.gov/portals/wps/wcm/connect/bb98ad31-2979-47e3-9ef2-ead73c3fae2c/ABA+Services+Provider+Notice+-+8-4-2025.pdf; https://www.insurance.nh.gov/consumers/health-insurance/applied-behavioral-analysis-therapy
New Jersey,"NJ FamilyCare ABA benefit launched 4/1/2020 under EPSDT for members under 21 with ASD; administered entirely through the five NJ FamilyCare MCOs — Aetna Better Health, Fidelis Care NJ (formerly WellCare), Horizon NJ Health, UnitedHealthcare Community Plan, and Wellpoint (formerly Amerigroup)","NJ Department of Human Services — Division of Medical Assistance and Health Services (DMAHS); NJ FamilyCare, 1-800-701-0710",The ABA provider obtains prior authorization from the member's MCO for assessment (97151) and treatment codes: requires an ASD diagnosis from a comprehensive diagnostic evaluation (physician/psychologist) and a BCBA-developed treatment plan,"Enacted 2009 (P.L. 2009 c.115, eff. 2/9/2010) — first state to also cover other developmental disabilities; under 21; original $36,000/yr ABA cap (inflation-indexed) rendered unenforceable under federal parity per DOBI Bulletin 10-02",not published — set by MCO medical-necessity review (verify),97153 = $15.00/15 min (~$60/hr) FFS reference rate; MCO-contracted rates vary (verify),No autism-specific waiver — ABA is a state-plan MCO benefit; Children's System of Care (PerformCare) programs for youth with I/DD-ASD; DDD Supports Program and Community Care Program at 21+ (all under NJ's 1115 Comprehensive Demonstration),Yes — licensed since 2019 (P.L. 2019); NJ State Board of Applied Behavior Analyst Examiners (Division of Consumer Affairs),https://autismnj.org/news/the-road-to-medicaid-coverage-of-aba/; https://nj.gov/dobi/bulletins/blt10_02.pdf; https://www.bacb.com/u-s-licensure-of-behavior-analysts/
New Mexico,"Covered under EPSDT via Turquoise Care (Medicaid managed care since July 2024); three-stage ABA benefit (Stage 1 diagnostic eval, Stage 2 assessment/Integrated Service Plan, Stage 3 treatment) per NMAC 8.321.2.13; delivered through MCOs BCBS of NM, Molina, and Presbyterian; covers ages 12 months-21, including at-risk children 12-36 months before formal diagnosis","New Mexico Health Care Authority (HCA), Medical Assistance Division, (505) 827-3100; fee schedules at hca.nm.gov",Autism Evaluation Practitioner (licensed psychologist or qualified physician) completes Comprehensive Diagnostic Evaluation and Integrated Service Plan; BCBA develops treatment plan; direct treatment (97153) requires prior authorization renewed every 6 months (evals/assessments do not),"Enacted 2009 (SB 39, effective Jan 2010); originally capped at age 19 (22 if in high school), $36,000/yr and $200,000 lifetime; HB 322 (2019) removed age and dollar caps","Not state-published; hours individualized in the ISP/treatment plan (industry norm ~10-25 hrs/wk focused, 26-40 hrs/wk comprehensive) (verify)","97153 tiered by renderer (per 15 min, FFS eff. 1/1/25): behavior technician $19.85 (~$79.40/hr), BCaBA $23.35, BCBA $32.31 (~$129.24/hr); MCOs may not pay below FFS rate","Developmental Disabilities (DD) Waiver, Mi Via Self-Directed Waiver, Medically Fragile Waiver (Supports Waiver ended June 2026)",No state licensure law; BACB certification (BCBA/BCaBA) required by Medicaid to render ABA,https://www.hca.nm.gov/providers/aba-applied-behavior-analysis-provider-information/; https://www.hca.nm.gov/wp-content/uploads/FInal-LOD-53-Applied-Behavioral-Analysis-ABA-Fee-Schedule-Rates.pdf; https://www.autismspeaks.org/new-mexico-state-regulated-insurance-coverage
New York,"Covered under EPSDT for members under 21 with ASD (or Rett syndrome) diagnosis; carved into Medicaid Managed Care plans effective Jan 1, 2023 (FFS via eMedNY otherwise); delivered by NYS Licensed Behavior Analysts; not reimbursable in school settings","New York State Department of Health, Office of Health Insurance Programs (NY Medicaid); Medicaid Helpline (800) 541-2831; claims via eMedNY","Referral/order from a NYS-licensed Medicaid-enrolled physician, psychologist, psychiatric/pediatric NP, or PA; LBA completes assessment and treatment plan; authorization through the member's managed care plan (or FFS)","Enacted Nov 2011 (S.4005-A/A.6305-A, effective Nov 2012); no age cap; regulation caps ABA at 680 hours/yr (originally $45,000/yr equivalent); caps generally unenforceable under federal mental health parity (verify)",Commercial mandate caps ABA at 680 hrs/yr (~13 hrs/wk); Medicaid hours individualized to treatment plan (industry norm 10-40 hrs/wk),"97153 = $14.45/15 min (~$57.80/hr) effective Apr 1, 2026, after phased 25% reduction from $19.26 (was $16.85 from Oct 2025) (verify current tranche)","OPWDD Home and Community-Based Services (HCBS) Waiver; NYS Children's Waiver (child's own income counted, unlocks Medicaid regardless of parent income)","Yes; Licensed Behavior Analyst (LBA) license created 2014, administered by NYS Education Department Office of the Professions (State Board for Applied Behavior Analysis)",https://www.health.ny.gov/health_care/medicaid/; https://www.op.nysed.gov/professions/licensed-behavior-analysts; https://www.autismspeaks.org/new-york-state-regulated-insurance-coverage
North Carolina,"Covered as Research-Based Behavioral Health Treatment (RB-BHT) for ASD under Clinical Coverage Policy 8F, via EPSDT for beneficiaries under 21 (adults 21+ possible if medically necessary); accessed through NC Medicaid Managed Care Standard Plans, Behavioral Health I/DD Tailored Plans, or LME/MCOs","NC Department of Health and Human Services, Division of Health Benefits (NC Medicaid); Medicaid Contact Center (888) 245-0179 (verify); provider portal NCTracks","Provider must obtain prior approval before rendering RB-BHT: Licensed Qualified Autism Service Provider (LQASP, e.g. licensed BCBA/psychologist) submits comprehensive diagnostic assessment plus a measurable treatment plan to the health plan/LME-MCO; plan reviewed at least every 6 months","Enacted Oct 2015 (SB 676, effective July 2016); covers under age 19; adaptive behavior treatment capped at $40,000/yr (CPI-adjusted; cap still in place)","Not state-published; hours individualized to authorized treatment plan (industry norm ~10-25 focused, 26-40 comprehensive hrs/wk) (verify)",97153 = $20.81/15 min (~$83.24/hr); Oct 2025 10% budget cut was restored to prior levels Jan 2026,"NC Innovations Waiver (I/DD, long waitlist); CAP/C (Community Alternatives Program for Children)","Yes; Behavior Analyst Licensure Act (SB 103) signed May 2021, creating the NC Behavior Analyst Licensure Board (NCBALB); licenses issued since July 2023",https://medicaid.ncdhhs.gov/8f-research-based-behavioral-health-treatment-rb-bht-autism-spectrum-disorder-asd; https://www.autismsociety-nc.org/faqs-related-to-sb-676-autism-health-insurance-coverage/; https://ncbehavioranalystboard.org/
North Dakota,Covered as the 'Autism ABA service' under EPSDT for children under 21 (fee-for-service; no MCOs); requires ASD diagnosis from PCP/qualified provider plus a current ND Health Tracks (EPSDT) screening recommending ABA; separate Medicaid Autism Spectrum Disorder waiver adds family supports,"North Dakota Health and Human Services, Medical Services Division (ND Medicaid), (800) 755-2604; Autism Services unit within HHS",Family obtains annual approval letter from ND Medicaid (PCP diagnosis + Health Tracks screening recommending ABA); provider agency then submits web-based service authorization twice yearly (annual + 180-day update) with BCBA-written care plan justifying hours per week,"No statute; ND Insurance Department bulletin (July 2018, compliance by Jan 1, 2019) requires state-regulated plans to cover autism treatment incl. ABA at parity with medical/surgical benefits (48th state); no specific age/dollar caps in bulletin","Not state-published; hours requested per care plan with justification, majority delivered by RBT; 6-month progress reviews (verify)",Not clearly published; third-party compilation lists 97153 at $10.60/15 min (~$42.40/hr) (verify against ND HHS fee schedule portal),"Medicaid Autism Spectrum Disorder Waiver (birth through age 17; expanded to birth through age 20 effective Nov 1, 2025); DD (Traditional IID/DD) Waiver","Yes; licensure enacted 2011 (SB 2155, NDCC ch. 43-32); Applied Behavior Analyst licensing now under the ND Board of Integrative Health Care (verify board history)",https://www.hhs.nd.gov/sites/www/files/documents/autism-aba-service-policy-and-procedures.pdf; https://www.hhs.nd.gov/cfs/autism-services; https://www.autismspeaks.org/north-dakota-state-regulated-insurance-coverage
Ohio,"Covered for under-21s via EPSDT (Healthchek) medical-necessity pathway — ABA never codified as a distinct Medicaid rule benefit (verify); accessed through Next Generation managed care plans (CareSource, Buckeye, etc.) or OhioRISE (Aetna specialty plan for children with complex behavioral health needs, adds care coordination and respite)",Ohio Department of Medicaid; Consumer Hotline (800) 324-8680; provider info at medicaid.ohio.gov,Prior authorization required for all ABA codes: provider submits DSM-5-TR-based comprehensive diagnostic evaluation by a qualified diagnosing practitioner plus individualized treatment plan and medical-necessity justification to the member's managed care plan or OhioRISE,"Enacted Jan 2017 (HB 463, one of the last states); fully insured plans cover ages 0-14 with ABA limited to 20 hrs/wk (marketplace plans 0-21); age/hour caps generally unenforceable under federal mental health parity",Commercial mandate lists 20 hrs/wk ABA limit; Medicaid hours individualized to treatment plan (industry norm 10-40 hrs/wk) (verify),97153 = ~$16.04/15 min (~$64.16/hr) FFS per third-party rate tracker (verify on ODM fee schedule); managed care plans negotiate own rates,"DODD waivers: Individual Options (IO), Level One, and SELF (self-directed) — all with county waitlists; OhioRISE 1915(c) waiver for children with complex needs","No traditional license; Certified Ohio Behavior Analyst (COBA) credential created 2013 (ORC ch. 4783), administered by the Ohio Board of Psychology; COBA required to bill Ohio Medicaid",https://medicaid.ohio.gov/resources-for-providers/billing/fee-schedule-and-rates/fee-schedule-and-rates; https://www.autismspeaks.org/ohio-state-regulated-insurance-coverage; https://dodd.ohio.gov/waivers-and-services
Oklahoma,Covered for members under 21 as an EPSDT benefit under SoonerCare (OAC 317:30-3-65.12); BCBAs contract directly with OHCA as SoonerCare providers,"Oklahoma Health Care Authority (OHCA); SoonerCare helpline 800-987-7767, provider line 800-522-0114","The contracted BCBA/provider submits a prior authorization to OHCA with a diagnostic evaluation and treatment plan; auths are granted in unit blocks for 1-6 months and reviewed by an OHCA reviewer, BCBA contractor and/or physician (OAC 317:30-5-314)","Enacted 2016 (HB 2962); originally capped ABA at 25 hrs/wk and $25,000/yr through roughly age 9; the Oklahoma Insurance Department declared those caps violations of federal parity law in 2021 and required their removal by end of 2021",Per medical necessity; authorized in 1-6 month unit blocks with no fixed weekly cap (verify exact range with OHCA),97153 = $17.35 per 15 min (~$69.40/hr) on the SoonerCare fee schedule (unchanged through 7/1/2026),"DDS (OKDHS) waivers: In-Home Supports Waiver for Children (ages 3-17), In-Home Supports Waiver for Adults, and the Community (HCBS) Waiver; long waiting list applies","Yes - one of the earliest states; behavior analyst licensure enacted 2009 (59 O.S. §1928), administered by the Oklahoma Licensed Behavior Analyst Board (OLBAB)",https://oklahoma.gov/ohca/policies-and-rules/xpolicy/medical-providers-fee-for-service/general-provider-policies/early-and-periodic-screening-diagnostic-and-treatment-program-child-health-services/applied-behavior-analysis-services.html; https://oklahoma.gov/ohca/providers/applied-behavioral-analysis-application.html; https://www.autismspeaks.org/oklahoma-state-regulated-insurance-coverage
Oregon,"Covered under the Oregon Health Plan (OHP) as an EPSDT/state-plan behavioral health benefit per HERC Prioritized List Guideline Note 75; most members access it through their Coordinated Care Organization (CCO), with fee-for-service (open card) auths handled by OHA's UM contractor","Oregon Health Authority (OHA), Health Systems Division; OHP Client Services 800-699-9075",Requires an ASD (or stereotypic movement disorder) diagnosis by an MD/DO/PhD/PsyD using standardized tools (e.g. ADOS); the ABA provider submits a treatment plan for prior authorization to the CCO or OHA's FFS UM contractor; initial assessment (97151) is retrospectively reviewed,"Enacted 2013 (SB 365), effective for plans from Jan 1 2016; requires a minimum of 25 hrs/wk of ABA coverage; the 25-hour and age-9 standards are statutory floors not caps and no dollar cap applies",Per individualized medical necessity under HERC Guideline Note 75; SB 365's 25 hrs/wk is the commercial coverage floor (verify typical authorized range),97153 = $14.70 per 15 min (~$58.80/hr) on the OHP Behavioral Health Fee Schedule (unchanged into 2026),"ODDS I/DD services via the 1915(k) Community First Choice K Plan (no waitlist for attendant supports) plus 1915(c) children's waivers incl. Children's Intensive In-Home Services (CIIS), Children's HCBS Waiver and the Children's Extraordinary Needs Waiver (2024); ABA itself is a state-plan OHP benefit","Yes - SB 365 (2013) created licensure effective 2015; Behavior Analysis Regulatory Board under OHA's Health Licensing Office licenses LBAs, LABAs and registers behavior analysis interventionists",https://www.oregon.gov/oha/hsd/ohp/pages/fee-schedule.aspx; https://www.oregon.gov/oha/ph/hlo/pages/board-behavior-analysis-regulatory.aspx; https://www.autismspeaks.org/oregon-state-regulated-insurance-coverage
Pennsylvania,"Covered for under-21s through Medical Assistance (Medicaid) EPSDT as Intensive Behavioral Health Services - ABA (IBHS-ABA, replaced BHRS in 2020); delivered through the HealthChoices behavioral health carve-out via county BH-MCOs (e.g. Magellan, Community Care Behavioral Health, PerformCare)","Pennsylvania Department of Human Services (DHS), Office of Mental Health and Substance Abuse Services (OMHSAS); DHS Helpline 800-692-7462","The IBHS agency submits an authorization request to the county BH-MCO with a written order from a physician/psychologist, a behavioral assessment and an individual treatment plan; certain IBHS require prior authorization per the Jan 2020 MA fee schedule notice","Act 62 enacted 2008 - first-in-nation autism mandate; $36,000/yr benefit maximum for individuals under 21; a Nov 2023 PA Insurance Department notice requires autism to be covered as a mental health condition under federal MHPAEA parity from Jan 1 2024, effectively superseding the dollar/age caps",Not standardized; hours set by the prescriber's order and BH-MCO medical-necessity review (verify),97153 = $12.73 per 15 min (~$50.92/hr) on the MA fee-for-service schedule; BH-MCO contracted rates vary,"ODP waivers serving autism/ID: Consolidated, Community Living and Person/Family Directed Support (P/FDS) waivers; autism-specific adult programs: Adult Autism Waiver (AAW) and Adult Community Autism Program (ACAP)",Partial - Act 62 (2008) created the Behavior Specialist license under the State Board of Medicine; PA licenses Behavior Specialists rather than a dedicated LBA credential and BCBA certification is not required for that license,https://www.pa.gov/agencies/dhs/resources/medicaid/bhc/ibhs; https://www.pa.gov/agencies/dhs/resources/intellectual-disabilities-autism/autism-services/pa-autism-insurance-act-62; https://www.pacodeandbulletin.gov/Display/pabull?file=/secure/pabulletin/data/vol50/50-5/162.html
Rhode Island,"Covered under Medicaid EPSDT for members under 21; ABA is delivered by EOHHS-approved providers (incl. the Home Based Therapeutic Services/HBTS program) and accessed through RIte Care managed care plans - Neighborhood Health Plan of RI, UnitedHealthcare Community Plan and Tufts Health Public Plan",Rhode Island Executive Office of Health and Human Services (EOHHS); Medicaid customer service 401-462-5300,Prior authorization is required for HBTS/ABA services; the provider submits the request (via the MCO or Gainwell Technologies for FFS) with a diagnostic evaluation and individualized treatment plan,"Enacted 2011 (H 5275 Sub A), effective Jan 1 2012; ABA capped at $32,000/yr for children under 15; those dollar/age caps are unenforceable under the federal MHPAEA parity law",Not standardized in published policy; based on medical necessity (verify),Not published in the current EOHHS fee schedule for 97153 - a 2021 EOHHS document listed $17.50 per 30-min unit (~$35/hr) and actual rates are MCO-negotiated (verify),"Rhode Island runs a single 1115 demonstration (Global Waiver) rather than separate autism waivers; children access Medicaid via Katie Beckett eligibility and services incl. HBTS, Kids Connect and PASS",Yes - licensure enacted 2012 (S 2559; R.I. Gen. Laws ch. 5-86); Applied Behavior Analyst Licensing Board within the RI Department of Health licenses applied behavior analysts and assistant analysts,https://eohhs.ri.gov/consumer/families-children/childrens-services; https://health.ri.gov/licensing/behavioral-analysis; https://www.autismspeaks.org/rhode-island-state-regulated-insurance-coverage
South Carolina,"Covered under Healthy Connections Medicaid as a state-plan Autism Spectrum Disorder (ASD) Services benefit via EPSDT (added 2017 after the DDSN PDD/EIBI waiver ended); members in managed care get ABA through their Healthy Connections MCO, which handles authorization and payment","South Carolina Department of Health and Human Services (SCDHHS); Healthy Connections member line 888-549-0820, provider line 888-289-0709",The ABA provider requests prior authorization from SCDHHS (FFS) or the member's MCO with a comprehensive diagnostic evaluation confirming ASD and a treatment plan; families are directed to contact an enrolled ASD provider to initiate the auth,"Ryan's Law enacted 2007 (effective July 2008) - one of the first state mandates; up to $50,000/yr for behavioral therapy through age 16 for children diagnosed by age 8; caps of this kind are generally unenforceable under federal MHPAEA parity for covered plans (verify current cap status)",Up to 40 hrs/wk - 97153 is capped at 160 15-min units per week under the SCDHHS ASD manual,97153 = $14.88 per 15 min (~$59.52/hr) effective July 1 2023,"BHDD/DDSN-operated HCBS waivers: Community Supports (CS) Waiver, Intellectual Disability/Related Disabilities (ID/RD) Waiver and Head and Spinal Cord Injury (HASCI) Waiver; the autism-specific PDD waiver ended Dec 31 2017 when ABA moved to the state plan","No - South Carolina has no behavior analyst licensure law (licensure bills such as S.630 have not passed); providers practice on BACB (BCBA) certification, which SCDHHS requires for enrollment",https://www.scdhhs.gov/resources/programs-and-initiatives/autism-spectrum-disorder-services; https://www.scdhhs.gov/sites/dhhs/files/documents/Autism%20Spectrum%20Disorder%20(ASD)%20Services%20Provider%20Manual%209.1.2025.pdf; https://ddsn.sc.gov/services/medicaid-home-and-community-based-waiver-services
South Dakota,"ABA covered under the EPSDT benefit for children 20 and younger with an ASD diagnosis; straight fee-for-service South Dakota Medicaid (no MCOs); billed by enrolled behavior analysts, psychologists, or physicians","South Dakota Department of Social Services (DSS), Division of Medicaid Services — dss.sd.gov","Provider submits the ABA Services Prior Authorization Form with an ASD diagnosis made within 12 months by a physician or psychologist (GARS-3, ADOS-2, or ABAS evidence-based tool), a physician/NP/PA order, and a treatment plan with recommended weekly hours; authorizations run 6 months","2015 (SB 190); covers under age 19 with annual ABA caps by age (~$36,000 under 7; $25,000 ages 7-13; $12,500 ages 14-18); caps not removed (verify exact brackets)","Not published; weekly hours set individually in the prior-authorized treatment plan, re-authorized every 6 months",~$21.73 per 15 min (~$86.92/hr) per 2026 rate tracker (verify against DSS ABA fee schedule),Family Support 360 waiver; CHOICES waiver (Division of Developmental Disabilities),Yes — HB 1141 (2016); licensed under the SD Board of Social Work Examiners with an Applied Behavior Analyst Advisory Committee,https://dss.sd.gov/docs/medicaid/providers/billingmanuals/Professional/Applied_Behavioral_Analysis.pdf; https://dss.sd.gov/licensingboards/socialwork/abacommittee.aspx; https://www.autismspeaks.org/south-dakota-state-regulated-insurance-coverage
Tennessee,"ABA covered for members under 21 through TennCare's EPSDT benefit; access runs through the member's TennCare managed-care organization (BlueCare, UnitedHealthcare Community Plan, or Wellpoint/Amerigroup)",Division of TennCare (tn.gov/tenncare); TennCare Connect 855-259-0701,"Prior authorization through the member's MCO; requires a comprehensive clinical evaluation with DSM-5 ASD diagnosis, a physician order/script for ABA, and a treatment plan with proposed hours from the supervising Licensed Behavior Analyst (BCBA/LBA)","2006 (TCA 56-7-2367) required parity with neurological-disorder coverage for children under 12 but not ABA; an Aug 1, 2019 Dept. of Commerce & Insurance bulletin required coverage of medically necessary ABA (compliance by 3/1/2020), making TN the 50th state; no annual dollar caps",No fixed cap; hours set by MCO medical-necessity review — comprehensive ABA defined as >25 hrs/wk vs focused treatment in MCO level-of-care guidelines,Not published (verify) — no statewide fee schedule; rates negotiated with each MCO,Katie Beckett Program (Parts A/B); Employment and Community First (ECF) CHOICES for I/DD — both under the TennCare III 1115 demonstration,Yes — Applied Behavior Analyst Licensing Committee created 2014 under the TN Department of Health; licenses LBAs and LABAs,https://www.tn.gov/content/dam/tn/commerce/documents/insurance/bulletins/8-1-19-Bulletin.pdf; https://www.tn.gov/health/licensure/aba.html; https://www.tn.gov/disability-and-aging/disability-aging-programs/katie-beckett.html
Texas,"Autism Services benefit (ABA evaluation and treatment) added Feb 1, 2022 under the Texas Health Steps Comprehensive Care Program (THSteps-CCP/EPSDT) for ages 20 and younger; delivered fee-for-service via TMHP and through STAR/STAR Kids MCOs","Texas Health and Human Services Commission (HHSC); claims and prior auth through TMHP — tmhp.com, 800-925-9126","Licensed Behavior Analyst (LBA/BCBA) submits the CCP Prior Authorization Request with an ASD diagnosis, completed ABA evaluation, and treatment plan; requires referring/ordering provider; periodic reauthorization with updated plan","2007 (HB 1919, group plans ages 2-6); expanded 2009 and 2013 — SB 1484 removed the age cap but allowed an annual ABA max (~$36,000, verify) for enrollees age 10+",Direct treatment capped at 8 hrs/day (32 units combined across 97153/97154/97155/97158); comprehensive vs focused treatment per policy,"$14.50 per 15 min ($58.00/hr) — TMHP Autism Services fee schedule, effective 9/1/2025","HCS, Texas Home Living (TxHmL), CLASS, MDCP, and YES waivers — all with multi-year interest lists","Yes — SB 589 (2017), Behavior Analyst Licensing Act; Licensed Behavior Analyst through the Texas Department of Licensing and Regulation (TDLR), licensing began 2018",https://www.tmhp.com/news/2021-07-30-hhsc-release-autism-services-benefits-effective-february-1-2022; https://public.tmhp.com/FeeSchedules/Default.aspx; https://tdlr.texas.gov/bhv/laws-rules.htm
Utah,"Autism Spectrum Disorder related services (including ABA) covered under EPSDT for members under 21 in Traditional Medicaid; ABA is a fee-for-service carve-out billed directly to Medicaid, not through ACOs or prepaid mental health plans","Utah Department of Health & Human Services, Division of Integrated Healthcare (Utah Medicaid) — medicaid.utah.gov; Health Program Representative 1-866-608-9422","The ABA provider works with the family to submit a prior-authorization request to the Medicaid agency with documentation of the ASD diagnosis, a copy of the completed diagnostic evaluation tool, and a written prescription for ABA from a qualified clinician","2014 (SB 57, effective 1/1/2016) — ages 2-10 with a 600-hour/year cap; SB 95 (2019, effective 1/1/2020) removed the age and hour caps","Not published; hours set per the prior-authorized treatment plan (the old commercial 600 hrs/yr cap, ~11.5 hrs/wk, was repealed)",~$19.67 per 15 min (~$78.68/hr) per 2026 rate tracker (verify via Utah Medicaid fee schedule lookup),Community Supports Waiver (DSPD) — the main HCBS option; the legacy Utah Medicaid Autism Waiver is closed to new applicants,"Yes — SB 246 (2015), Behavior Analyst Licensing Act; Utah Division of Occupational and Professional Licensing (DOPL)",https://medicaid-manuals.dhhs.utah.gov/Autism_Spectrum_Services/autism_spectrum_services.htm; https://medicaid.utah.gov/ltc-2/autismwaiver/; https://le.utah.gov/~2015/bills/sbillenr/SB0246.htm
Vermont,"Vermont Medicaid ABA Benefit under EPSDT for children birth to age 21, supervised by board-certified behavior analysts; administered statewide by DVHA under the Global Commitment to Health 1115 demonstration (no MCOs)",Department of Vermont Health Access (DVHA) — dvha.vermont.gov; ABA benefit questions: AHS.DVHAABABenefit@vermont.gov,All ABA services other than the initial assessment must be prior authorized by DVHA; the supervising BCBA submits documentation of the ASD diagnosis and a treatment plan meeting DVHA's ABA Clinical Guidelines,"2010 (S.262, effective 7/1/2011); Act 158 (2012) extended required coverage of ABA for autism/early childhood developmental disorders from birth to age 21 across private plans and Medicaid; no age or dollar caps under current law (verify)","Authorized intensity spans DVHA's monthly case-rate tiers, from ~2-6 hrs/month up to 170+ hrs/month (roughly up to ~40 hrs/wk), effective 1/1/2026","Historically ~$15.00 per 15 min (~$60/hr); replaced by tiered monthly case rates ($219-$13,667/month by hours tier) effective 1/1/2026",Global Commitment to Health 1115 waiver funds HCBS; Developmental Disabilities Services (DDSD/DAIL) home- and community-based supports for children with I/DD including autism,"Yes — Act 38 (2015, effective 7/1/2016); licensed by the Vermont Secretary of State's Office of Professional Regulation (26 V.S.A. ch. 95)",https://dvha.vermont.gov/providers/applied-behavior-analysis-aba-benefit; https://legislature.vermont.gov/statutes/fullchapter/26/095; https://ddsd.vermont.gov/services-providers/services
Virginia,"ABA covered for members under 21 through the EPSDT benefit as DMAS Behavioral Therapy services under Cardinal Care; delivered via Medicaid managed-care plans (Aetna, Anthem HealthKeepers Plus, Sentara, UnitedHealthcare) or fee-for-service",Department of Medical Assistance Services (DMAS); Cardinal Care / vamedicaid.dmas.virginia.gov provider portal,Prior authorization required before services start: the ABA provider submits a documented autism diagnosis and a treatment plan showing medical necessity to the member's managed-care plan or DMAS's service authorization contractor; services must be rendered by or under supervision of a Licensed Behavior Analyst,"Enacted 2011 (HB 2467, effective 1/1/2012) initially for ages 2-6; age cap raised to 10 in 2015 and eliminated in 2019 (HB 2577); ABA subject to a $35,000 maximum annual benefit; extended to individual/small-group plans in 2020","Up to 20 hrs/wk cumulative ABA limit effective 7/1/2026, exceedable with documented medical necessity under EPSDT",97153: $15.00/15 min technician-delivered (= $60.00/hr); up to $46.63/15 min when delivered by a Licensed Behavior Analyst (HO modifier); unchanged since 2021,"Three DD waivers administered with DBHDS: Community Living (CL), Family and Individual Supports (FIS), Building Independence (BI); apply via local Community Services Board",Yes - licensed since 2012 by the Virginia Board of Medicine (LBA / LABA),https://vamedicaid.dmas.virginia.gov/bulletin/applied-behavior-analysis-aba-policy-changes; https://www.dmas.virginia.gov/for-members/benefits-and-services/waivers/developmental-disability-dd-waivers/; https://www.autismspeaks.org/virginia-state-regulated-insurance-coverage
Washington,Apple Health (Medicaid) ABA benefit: eligibility requires a comprehensive evaluation and ABA order from a recognized Center of Excellence (COE) provider; services delivered through Apple Health managed-care organizations or fee-for-service,Washington State Health Care Authority (HCA); hca.wa.gov Apple Health,"ABA provider must obtain prior authorization from HCA or the member's MCO before treatment, submitting the COE comprehensive evaluation/order plus the assessment and treatment plan; authorizations granted in 3-6-month increments with recertification by the lead behavior analysis therapist","2014 - coverage required under Washington's Mental Health Parity Act following the WA Supreme Court O.S.T. v. Regence ruling and an Insurance Commissioner order (SB 5059 also cited (verify)); no age, dollar, or visit caps",Individualized per COE order and treatment plan; no fixed cap (ABA day program for under-6s typically 12-15 hrs/wk group),97153: $12.40/15 min (= $49.60/hr) per HCA ABA fee schedule eff. 7/1/2026 (verify),"DDA HCBS waivers: Basic Plus, Core, Individual and Family Services (IFS), Children's Intensive In-Home Behavioral Supports (CIIBS), Community Protection","Yes - law enacted 2015 (SB 5488), credentials effective 2017; WA Department of Health (LBA, LABA, Certified Behavior Technician)",https://www.hca.wa.gov/billers-providers-partners/program-information-providers/applied-behavior-analysis-aba-therapy; https://www.hca.wa.gov/assets/billers-and-providers/aba-services-bg-20260101.pdf; https://www.autismspeaks.org/washington-state-regulated-insurance-coverage
West Virginia,"ABA covered for children under 21 via EPSDT under Medicaid Chapter 519.23 (Applied Behavior Analysis, practitioner services); ASD diagnosis must be made before the child's eighth birthday (verify current rule)","WV Bureau for Medical Services (BMS), Department of Human Services; bms.wv.gov","Prior authorization through Acentra Health (formerly Kepro), the state's ASO, is required before any ABA service is rendered; the BCBA provider submits the diagnostic documentation and treatment plan (Acentra: 304-343-9663)","Enacted 2011 (HB 2693, effective 1/1/2012; corrected by HB 4260 in 2012); covers ages 18 months-18 years diagnosed by age 8; ABA capped at $30,000/year for 3 years then $2,000/month - caps not removed",Combined cap of 40 hrs/wk and 8 hrs per 24-hour period across ABA codes 97151-97158,97153: $9.90/15 min (= $39.60/hr); unchanged since 2021,"IDD Waiver (IDDW) and Children with Serious Emotional Disorder Waiver (CSEDW, ages 3-21, apply via 844-HELP4WV)",No state license - a 2012 Sunrise Report found BACB certification adequate; Medicaid requires BCBA certification,https://bms.wv.gov/providers/west-virginia-medicaid-fee-schedules; https://csedwprogram.wv.gov/; https://www.autismspeaks.org/west-virginia-state-regulated-insurance-coverage
Wisconsin,ForwardHealth Behavioral Treatment Benefit (since 1/1/2016) covering ABA and Early Start Denver Model as comprehensive or focused treatment for Medicaid members with autism or related behavioral conditions,"Wisconsin Department of Health Services (DHS), Division of Medicaid Services; ForwardHealth portal (forwardhealth.wi.gov)",ForwardHealth requires a medical examination and written referral/prescription from a Medicaid-enrolled qualified medical provider plus a provider-submitted PA request with diagnostic documentation (validated tools such as ADOS-2/ADI-R) and treatment plan; initial PAs approved for up to 6 months,"Enacted 2009 (effective 11/1/2009): minimum $50,000/yr for intensive-level services (ages 2-9, minimum 4 years) and $25,000/yr for nonintensive-level services with no age limit; amounts CPI-adjusted annually since 2011 - caps still in place",Comprehensive treatment for young children vs focused treatment for specific behaviors; intensive-level defined in the mandate as 30-35+ hrs/wk (Medicaid hours individualized (verify)),97153: $11.91/15 min technician-delivered (= $47.64/hr); higher with licensed-supervisor modifiers (up to $41.44/15 min TF); eff. 2/1/2023 (verify),"Children's Long-Term Support (CLTS) Waiver (under 22, includes intensive autism services) plus Katie Beckett Medicaid eligibility pathway; Family Care/IRIS for adults",Yes - licensed since 2010 (2009 Wis. Act 282); WI Department of Safety and Professional Services,https://www.dhs.wisconsin.gov/publications/p03428.pdf; https://www.forwardhealth.wi.gov/kw/html/19038_InitialPARequests.html; https://oci.wi.gov/Pages/Consumers/PI-234.aspx
Wyoming,"ABA covered as a preventive/EPSDT service (state plan amendment WY 24-0005, effective 7/1/2024) for Medicaid-enrolled children ages 0-20 with a primary autism spectrum disorder diagnosis","Wyoming Department of Health, Division of Healthcare Financing (Wyoming Medicaid); wyomingmedicaid.com, member line 855-294-2127","Enrolled behavior analyst submits a clinical assessment and treatment plan (recommended level of care, goals, objective measures) before services; plan must be updated every 90 days; EPSDT children exempt from the 20-visit rehabilitative limit (verify PA vendor details)",No mandate statute; a 2019 Insurance Department bulletin (effective 7/1/2019) bars plans with mental-health coverage from excluding evidence-based ASD treatment - no legislated age or dollar caps,Not published as hrs/wk; fee schedule caps 97153 at 32 units (8 hrs) per day,97153: $12.30/15 min (= $49.20/hr) per 7/1/2026 fee schedule; $19.23/15 min under DD waivers (verify),"Comprehensive Waiver and Supports Waiver (HCBS for IDD/acquired brain injury, all ages, include behavioral support services)",Yes - law enacted 2022; Wyoming Board of Psychology,https://www.medicaid.gov/medicaid/spa/downloads/WY-24-0005.pdf; https://health.wyo.gov/healthcarefin/medicaid/; https://www.autismspeaks.org/wyoming-state-regulated-insurance-coverage
